id;module_name;ip;port;module_status;last_update_date;thread_pool_queue_size;module_start_time;total_processed_work;total_processed_task;processed_statistics
1;Buckinghamshire Andorra Division;integrate navigate Islands;Card Fresh;well-modulated Maryland;2023-04-15;57613;26889;90480;27306;Forward auxiliary
2;Plastic;e-tailers Point alarm;Fish marke;Hollow bandwidth-monitored;2023-04-14;25051;12840;88951;48203;parsing
3;withdrawal Account;compress plug-and-play parsing;users Cust;Beauty;2023-04-15;19232;1386;50767;83215;Account
4;Avon Licensed;FTP;online;Awesome;2023-04-14;26573;83947;33032;39404;Interactions payment
5;SMS;Strategist Plastic;Shoes;SSL Islands;2023-04-15;28949;46542;56318;25217;SSL Shilling
6;policy;digital Unbranded Plastic;Beauty Cha;even-keeled Dakota;2023-04-14;6353;63404;99693;74362;Checking Hungary Buckinghamshire
7;attitude-oriented;Grocery;payment ma;Consultant bandwidth-monitored applications;2023-04-15;74863;64916;73162;85737;Account infomediaries
8;empowering;Awesome Avon;payment;Soft quantify;2023-04-15;71736;12600;28708;58871;Strategist Tugrik uniform
9;Agent Forward;Associate Self-enabling Iowa;Innovative;Guarani Orchestrator Unbranded;2023-04-14;62752;52811;67270;92078;Technician
10;eco-centric indexing Small;open bus Borders;UAE;models Caribbean Awesome;2023-04-15;81137;60569;89937;61123;SMTP Buckinghamshire transmit
